{"min": [-0.613168, -0.318918, -0.866908], "max": [0.597253, 0.423531, 0.860902]}