{"min": [-0.750501, -0.794052, -0.999383], "max": [0.420405, 0.8782, 0.158886]}